{"sections":{"1191e715-ddc3-4b43-95af-e9dae8514cfb":{"type":"breadcrumb","settings":{"alignment_breadcrumb":"left","padding_top":36,"padding_bottom":36}},"main":{"type":"main-article","blocks":{"bb646369-fa26-4a54-9523-51fa8da87946":{"type":"title","settings":{"blog_show_date":false,"blog_show_author":false}},"content":{"type":"content","settings":{}}},"block_order":["bb646369-fa26-4a54-9523-51fa8da87946","content"],"settings":{"alignment_title":"left","show_tags":false,"show_share":false,"show_previous_next_buttons":false,"show_sidebar":true,"show_collapse":false,"enable_sticky":false,"sidebar_position":"right","padding_top":0,"padding_bottom":48}}},"order":["1191e715-ddc3-4b43-95af-e9dae8514cfb","main"]}