{"sections":{"6864dd0c-c495-4724-b40d-52c73fb74e3c":{"type":"ja-slider","blocks":{"template--17016615010579__6864dd0c-c495-4724-b40d-52c73fb74e3c-1669105081f3c763ae-0":{"type":"slide","settings":{"image":"shopify:\/\/shop_images\/slide-01.jpg","heading":"Real 2023 Skateboard Desks","heading_size":"h0","subheading":"Fusce posuere nec ipsum a volutpat. In at dictum est, at pulvinar mauris. Sed hendrerit nisl a tincidunt placerat. Suspendisse potenti. Sed at maximus est. Mauris vel auctor ex. Morbi at fermentum urna, in cursus leo. Sed aliquam auctor ante, id pharetra augue aliquet in. Sed at rutrum odio.","button_label":"VIEW ALL PRODUCTS","link":"shopify:\/\/collections\/all","link_style":"outline","box_align":"right","box_width":90,"button_label2":"","link2":"","link_style2":"solid","text_alignment":"left","image_overlay_opacity":100,"color_scheme":"background-1","text_alignment_mobile":"left"}},"template--17016615010579__6864dd0c-c495-4724-b40d-52c73fb74e3c-1669105081f3c763ae-1":{"type":"slide","settings":{"image":"shopify:\/\/shop_images\/slide-02.jpg","heading":"Fruity S31 Skateboard Desk","heading_size":"h0","subheading":"Fusce posuere nec ipsum a volutpat. In at dictum est, at pulvinar mauris. Sed hendrerit nisl a tincidunt placerat. Suspendisse potenti. Sed at maximus est. Mauris vel auctor ex. Morbi at fermentum urna, in cursus leo. Sed aliquam auctor ante, id pharetra augue aliquet in. Sed at rutrum odio.","button_label":"VIEW ALL PRODUCTS","link":"shopify:\/\/collections\/all","link_style":"outline","box_align":"right","box_width":90,"button_label2":"","link2":"","link_style2":"solid","text_alignment":"center","image_overlay_opacity":0,"color_scheme":"background-1","text_alignment_mobile":"center"}},"a97f8bfc-f549-42ab-9a15-cc77a93f6566":{"type":"slide","settings":{"image":"shopify:\/\/shop_images\/pexels-jeshootscom-442585.jpg","heading":"SKATE SHOES collections  2023","heading_size":"h0","subheading":"Fusce posuere nec ipsum a volutpat. In at dictum est, at pulvinar mauris. Sed hendrerit nisl a tincidunt placerat. Suspendisse potenti. Sed at maximus est. Mauris vel auctor ex. Morbi at fermentum urna, in cursus leo. Sed aliquam auctor ante, id pharetra augue aliquet in. Sed at rutrum odio.","button_label":"VIEW ALL PRODUCTS","link":"shopify:\/\/collections\/all","link_style":"outline","box_align":"right","box_width":90,"button_label2":"","link2":"","link_style2":"solid","text_alignment":"center","image_overlay_opacity":0,"color_scheme":"background-1","text_alignment_mobile":"center"}},"e2e937c0-a2f7-4ed5-9bd2-f22685043f35":{"type":"slide","settings":{"image":"shopify:\/\/shop_images\/pexels-duren-williams-11883130.jpg","heading":"SKATER BEANIES & HATS 2023","heading_size":"h0","subheading":"Fusce posuere nec ipsum a volutpat. In at dictum est, at pulvinar mauris. Sed hendrerit nisl a tincidunt placerat. Suspendisse potenti. Sed at maximus est. Mauris vel auctor ex. Morbi at fermentum urna, in cursus leo. Sed aliquam auctor ante, id pharetra augue aliquet in. Sed at rutrum odio.","button_label":"VIEW ALL PRODUCTS","link":"shopify:\/\/collections\/all","link_style":"outline","box_align":"right","box_width":90,"button_label2":"","link2":"","link_style2":"solid","text_alignment":"center","image_overlay_opacity":0,"color_scheme":"background-1","text_alignment_mobile":"center"}}},"block_order":["template--17016615010579__6864dd0c-c495-4724-b40d-52c73fb74e3c-1669105081f3c763ae-0","template--17016615010579__6864dd0c-c495-4724-b40d-52c73fb74e3c-1669105081f3c763ae-1","a97f8bfc-f549-42ab-9a15-cc77a93f6566","e2e937c0-a2f7-4ed5-9bd2-f22685043f35"],"settings":{"layout":"grid--gapless","slide_height":"square","change_slides_speed":5,"show_text_below":true,"accessibility_info":"ja_slider about our brand","padding_top":0,"padding_bottom":0,"border_top_thickness":0,"border_right_thickness":0,"border_bottom_thickness":1,"border_left_thickness":0,"border_opacity":100,"addition_class":""}},"21d4cf4d-5f90-4180-9277-6afc709981dd":{"type":"image-with-text-grid","blocks":{"template--17016615010579__21d4cf4d-5f90-4180-9277-6afc709981dd-1669167040bd7eb463-0":{"type":"column","settings":{"image":"shopify:\/\/shop_images\/collection-1.jpg","title":"Skateboard","link_label":"","link":"shopify:\/\/collections\/skateboard","link_style":"outline","desktop_content_position":"bottom-left","desktop_content_alignment":"left"}},"template--17016615010579__21d4cf4d-5f90-4180-9277-6afc709981dd-1669167040bd7eb463-1":{"type":"column","settings":{"image":"shopify:\/\/shop_images\/collection-2.jpg","title":"Clothing","link_label":"","link":"shopify:\/\/collections\/clothing","link_style":"link","desktop_content_position":"bottom-left","desktop_content_alignment":"center"}},"014b3800-b0ab-448d-b4ce-5248c1b568ca":{"type":"column","settings":{"image":"shopify:\/\/shop_images\/collection-3.jpg","title":"Shoes","link_label":"","link":"shopify:\/\/collections\/shoes","link_style":"link","desktop_content_position":"bottom-left","desktop_content_alignment":"center"}}},"block_order":["template--17016615010579__21d4cf4d-5f90-4180-9277-6afc709981dd-1669167040bd7eb463-0","template--17016615010579__21d4cf4d-5f90-4180-9277-6afc709981dd-1669167040bd7eb463-1","014b3800-b0ab-448d-b4ce-5248c1b568ca"],"settings":{"title":"","heading_size":"h5","layout":"grid--gapless","item_ratio":"169","columns_desktop":3,"columns_mobile":"1","swipe_on_mobile":false,"padding_top":0,"padding_bottom":0,"border_top_thickness":1,"border_right_thickness":0,"border_bottom_thickness":1,"border_left_thickness":0,"border_opacity":100}},"dea5835c-24f7-475f-a0a4-51739b13776e":{"type":"multicolumn","blocks":{"template--17016615010579__dea5835c-24f7-475f-a0a4-51739b13776e-1669173156c637745e-0":{"type":"column","settings":{"image":"shopify:\/\/shop_images\/client-01.png","image_position":"top","title":"","title_size":"h4","icon":"none","icon_position":"left","text":"","link_label":"","link":"","link_style":"link","padding_left":32,"padding_right":32,"padding_top":48,"padding_bottom":48,"image_spacing":0}},"template--17016615010579__dea5835c-24f7-475f-a0a4-51739b13776e-1669173156c637745e-1":{"type":"column","settings":{"image":"shopify:\/\/shop_images\/client-02.png","image_position":"top","title":"","title_size":"h4","icon":"none","icon_position":"left","text":"","link_label":"","link":"","link_style":"link","padding_left":32,"padding_right":32,"padding_top":48,"padding_bottom":48,"image_spacing":0}},"template--17016615010579__dea5835c-24f7-475f-a0a4-51739b13776e-1669173156c637745e-2":{"type":"column","settings":{"image":"shopify:\/\/shop_images\/client-03.png","image_position":"top","title":"","title_size":"h4","icon":"none","icon_position":"left","text":"","link_label":"","link":"","link_style":"link","padding_left":32,"padding_right":32,"padding_top":48,"padding_bottom":48,"image_spacing":0}},"bcd3da1a-1be0-4222-91e5-1cad26b7f598":{"type":"column","settings":{"image":"shopify:\/\/shop_images\/client-04.png","image_position":"top","title":"","title_size":"h4","icon":"none","icon_position":"left","text":"","link_label":"","link":"","link_style":"link","padding_left":32,"padding_right":32,"padding_top":48,"padding_bottom":48,"image_spacing":0}},"10351b81-184b-4cb3-b0ad-480c7e1c59e3":{"type":"column","settings":{"image":"shopify:\/\/shop_images\/client-05.png","image_position":"top","title":"","title_size":"h4","icon":"none","icon_position":"left","text":"","link_label":"","link":"","link_style":"link","padding_left":32,"padding_right":32,"padding_top":48,"padding_bottom":48,"image_spacing":0}}},"block_order":["template--17016615010579__dea5835c-24f7-475f-a0a4-51739b13776e-1669173156c637745e-0","template--17016615010579__dea5835c-24f7-475f-a0a4-51739b13776e-1669173156c637745e-1","template--17016615010579__dea5835c-24f7-475f-a0a4-51739b13776e-1669173156c637745e-2","bcd3da1a-1be0-4222-91e5-1cad26b7f598","10351b81-184b-4cb3-b0ad-480c7e1c59e3"],"settings":{"title":"","sub-title":"","mod_class":"clients-list","heading_size":"h4","layout":"grid--gapless","image_width":"half","image_ratio":"adapt","columns_desktop":5,"row_alignment":"none","column_alignment":"center","background_style":"primary","button_label":"","button_link":"","color_scheme":"background-1","columns_tablet":"2","swipe_on_tablet":true,"columns_mobile":"1","swipe_on_mobile":true,"padding_top":0,"padding_bottom":0,"border_top_thickness":1,"border_right_thickness":0,"border_bottom_thickness":1,"border_left_thickness":0,"border_opacity":100}},"de99a705-2695-4857-953e-c4d63681937b":{"type":"featured-collection","settings":{"title":"BEST SELLERS","heading_size":"h0","title_style":"03","description_style":"body","description":"","show_description":false,"collection":"best-sellers","show_card_collection":false,"products_to_show":12,"columns_desktop":4,"full_width":true,"show_view_all":true,"view_all_style":"outline","enable_desktop_slider":true,"slider_visual":"nav","color_scheme":"accent-4","desktop_layout":"left","image_ratio":"square","show_secondary_image":false,"show_vendor":true,"show_rating":false,"show_product_description":false,"enable_quick_add":false,"columns_mobile":"1","swipe_on_mobile":true,"padding_top":48,"padding_bottom":48,"border_top_thickness":1,"border_right_thickness":0,"border_bottom_thickness":1,"border_left_thickness":0,"border_opacity":100,"mod_class":""}},"1ae5d19b-0d31-4b2e-8a50-43e86c054bb5":{"type":"ja-slider","blocks":{"template--17016615010579__1ae5d19b-0d31-4b2e-8a50-43e86c054bb5-1669195266c159ff66-0":{"type":"slide","settings":{"image":"shopify:\/\/shop_images\/slide-02.jpg","heading":"Fruity S31 Skateboard Desk Collection","heading_size":"h0","subheading":"Fusce posuere nec ipsum a volutpat. In at dictum est, at pulvinar mauris. Sed hendrerit nisl a tincidunt placerat. Suspendisse potenti. Sed at maximus est. Mauris vel auctor ex. Morbi at fermentum urna, in cursus leo. Sed aliquam auctor ante, id pharetra augue aliquet in. Sed at rutrum odio.","button_label":"VIEW ALL PRODUCTS","link":"shopify:\/\/collections\/all","link_style":"outline","box_align":"left","box_width":90,"button_label2":"","link2":"","link_style2":"solid","text_alignment":"center","image_overlay_opacity":0,"color_scheme":"background-1","text_alignment_mobile":"center"}}},"block_order":["template--17016615010579__1ae5d19b-0d31-4b2e-8a50-43e86c054bb5-1669195266c159ff66-0"],"settings":{"layout":"grid--gapless","slide_height":"square","change_slides_speed":5,"show_text_below":true,"accessibility_info":"ja_slider about our brand","padding_top":0,"padding_bottom":0,"border_top_thickness":1,"border_right_thickness":0,"border_bottom_thickness":1,"border_left_thickness":0,"border_opacity":100,"addition_class":""}},"7afcf70d-4f53-4da2-9322-a5c118360a18":{"type":"featured-collection","settings":{"title":"NEW ARRIVALS","heading_size":"h0","title_style":"03","description_style":"body","description":"","show_description":false,"collection":"latest-products","show_card_collection":false,"products_to_show":8,"columns_desktop":4,"full_width":false,"show_view_all":true,"view_all_style":"outline","enable_desktop_slider":false,"slider_visual":"nav","color_scheme":"accent-2","desktop_layout":"left","image_ratio":"square","show_secondary_image":false,"show_vendor":true,"show_rating":false,"show_product_description":false,"enable_quick_add":false,"columns_mobile":"1","swipe_on_mobile":true,"padding_top":48,"padding_bottom":48,"border_top_thickness":1,"border_right_thickness":0,"border_bottom_thickness":1,"border_left_thickness":0,"border_opacity":100,"mod_class":"new-arrivals-collection"}},"b7d4689b-aa5d-4fbd-93cf-446d84d85100":{"type":"image-banner","blocks":{"template--17016615010579__b7d4689b-aa5d-4fbd-93cf-446d84d85100-16691955563a648ee6-0":{"type":"heading","settings":{"heading":"Peak TaiChi Plus Men's Professional Running Shoes","heading_size":"h0"}},"template--17016615010579__b7d4689b-aa5d-4fbd-93cf-446d84d85100-16691955563a648ee6-1":{"type":"text","settings":{"text":"Vans Skate Half Cab Bruce Lee Black\/Yellow","text_style":"subtitle"}},"template--17016615010579__b7d4689b-aa5d-4fbd-93cf-446d84d85100-16691955563a648ee6-2":{"type":"buttons","settings":{"button_label_1":"VIEW ALL PRODUCTS","button_link_1":"shopify:\/\/collections\/all","button_style_secondary_1":true,"button_label_2":"","button_link_2":"","button_style_secondary_2":false}}},"block_order":["template--17016615010579__b7d4689b-aa5d-4fbd-93cf-446d84d85100-16691955563a648ee6-0","template--17016615010579__b7d4689b-aa5d-4fbd-93cf-446d84d85100-16691955563a648ee6-1","template--17016615010579__b7d4689b-aa5d-4fbd-93cf-446d84d85100-16691955563a648ee6-2"],"settings":{"mod_class":"","image":"shopify:\/\/shop_images\/3481b27143ca1c5acf3d419e7ffe4a91.jpg","image_overlay_opacity":0,"image_height":"large","adapt_height_first_image":false,"desktop_content_position":"middle-left","show_text_box":false,"desktop_content_alignment":"left","color_scheme":"background-1","mobile_content_alignment":"center","stack_images_on_mobile":true,"show_text_below":true,"border_top_thickness":1,"border_right_thickness":0,"border_bottom_thickness":1,"border_left_thickness":0,"border_opacity":100}},"cb809454-489b-40a4-895f-7a4805ef7846":{"type":"ja-slider","blocks":{"template--17016615010579__cb809454-489b-40a4-895f-7a4805ef7846-16691955570c9dd991-0":{"type":"slide","settings":{"image":"shopify:\/\/shop_images\/slide-03.jpg","heading":"Vans x Peak Shoes Collection","heading_size":"h0","subheading":"Fusce posuere nec ipsum a volutpat. In at dictum est, at pulvinar mauris. Sed hendrerit nisl a tincidunt placerat. Suspendisse potenti. Sed at maximus est. Mauris vel auctor ex. Morbi at fermentum urna, in cursus leo. Sed aliquam auctor ante, id pharetra augue aliquet in. Sed at rutrum odio.","button_label":"VIEW ALL PRODUCTS","link":"shopify:\/\/collections\/all","link_style":"outline","box_align":"right","box_width":90,"button_label2":"","link2":"","link_style2":"solid","text_alignment":"center","image_overlay_opacity":0,"color_scheme":"background-1","text_alignment_mobile":"center"}}},"block_order":["template--17016615010579__cb809454-489b-40a4-895f-7a4805ef7846-16691955570c9dd991-0"],"settings":{"layout":"grid--gapless","slide_height":"square","change_slides_speed":5,"show_text_below":true,"accessibility_info":"ja_slider about our brand","padding_top":0,"padding_bottom":0,"border_top_thickness":1,"border_right_thickness":0,"border_bottom_thickness":1,"border_left_thickness":0,"border_opacity":100,"addition_class":""}},"c6f98de6-047d-4264-a053-0e2a5b108dab":{"type":"featured-blog","settings":{"heading":"Blog posts","heading_size":"h0","title_style":"03","description_style":"body","description":"","blog":"skateboard","post_limit":3,"columns_desktop":3,"full_width":false,"color_scheme":"accent-3","show_image":true,"image_height":"medium","show_date":true,"show_author":false,"show_view_all":true,"view_all_content":"View all posts","columns_mobile":"1","swipe_on_mobile":false,"padding_top":48,"padding_bottom":48,"border_top_thickness":1,"border_right_thickness":0,"border_bottom_thickness":0,"border_left_thickness":0,"border_opacity":100}}},"order":["6864dd0c-c495-4724-b40d-52c73fb74e3c","21d4cf4d-5f90-4180-9277-6afc709981dd","dea5835c-24f7-475f-a0a4-51739b13776e","de99a705-2695-4857-953e-c4d63681937b","1ae5d19b-0d31-4b2e-8a50-43e86c054bb5","7afcf70d-4f53-4da2-9322-a5c118360a18","b7d4689b-aa5d-4fbd-93cf-446d84d85100","cb809454-489b-40a4-895f-7a4805ef7846","c6f98de6-047d-4264-a053-0e2a5b108dab"]}