{"sections":{"main":{"type":"main-page","disabled":true,"settings":{"page_title":"","alignment_title":"left","padding_top":28,"padding_bottom":28,"suffix-class":""}},"a0cb26df-4304-4592-91f2-906a3c339412":{"type":"image-banner","blocks":{"template--17179901002003__a0cb26df-4304-4592-91f2-906a3c339412-1670471044b4379327-0":{"type":"heading","settings":{"heading":"Sale! Sale! Sale Up To 50%","heading_size":"h0"}},"template--17179901002003__a0cb26df-4304-4592-91f2-906a3c339412-1670471044b4379327-1":{"type":"text","settings":{"text":"merry christmas and happy new year","text_style":"subtitle"}},"template--17179901002003__a0cb26df-4304-4592-91f2-906a3c339412-1670471044b4379327-2":{"type":"buttons","settings":{"button_label_1":"Shop Now","button_link_1":"shopify:\/\/collections\/all","button_style_secondary_1":true,"button_label_2":"","button_link_2":"","button_style_secondary_2":false}}},"block_order":["template--17179901002003__a0cb26df-4304-4592-91f2-906a3c339412-1670471044b4379327-0","template--17179901002003__a0cb26df-4304-4592-91f2-906a3c339412-1670471044b4379327-1","template--17179901002003__a0cb26df-4304-4592-91f2-906a3c339412-1670471044b4379327-2"],"settings":{"mod_class":"landing-page","image":"shopify:\/\/shop_images\/img_2-01.jpg","image_overlay_opacity":0,"image_height":"medium","adapt_height_first_image":false,"desktop_content_position":"middle-center","show_text_box":false,"desktop_content_alignment":"center","color_scheme":"background-1","mobile_content_alignment":"center","stack_images_on_mobile":false,"show_text_below":false,"border_top_thickness":0,"border_right_thickness":0,"border_bottom_thickness":0,"border_left_thickness":0,"border_opacity":0}},"6742bddb-b6d4-4374-808d-2654dfd1a84f":{"type":"slideshow","blocks":{"template--14957954498633__6742bddb-b6d4-4374-808d-2654dfd1a84f-166778496174e67457-0":{"type":"slide","settings":{"image":"shopify:\/\/shop_images\/linpaul-rodney-cg4qDmt5fiI-unsplash.jpg","heading":"Everything Now Sale Up To 50%","heading_size":"h0","subheading":"Vans Skate Half Cab Bruce Lee Black\/Yellow","button_label":"VIEW ALL PRODUCTS","link":"shopify:\/\/collections\/all","link_style":"outline","box_align":"middle-center","box_width":80,"button_label2":"","link2":"","link_style2":"solid","show_text_box":false,"text_alignment":"center","image_overlay_opacity":100,"color_scheme":"background-1","text_alignment_mobile":"center"}},"template--14957954498633__6742bddb-b6d4-4374-808d-2654dfd1a84f-166778496174e67457-1":{"type":"slide","settings":{"image":"shopify:\/\/shop_images\/christophe-meyer-ffvA4qpRjHY-unsplash_2.jpg","heading":"Everything Now Sale Up To 70%","heading_size":"h0","subheading":"Fusce posuere nec ipsum a volutpat. In at dictum est, at pulvinar mauris.","button_label":"Shop Now","link":"shopify:\/\/collections\/best-sellers","link_style":"outline","box_align":"middle-center","box_width":80,"button_label2":"","link2":"","link_style2":"solid","show_text_box":false,"text_alignment":"center","image_overlay_opacity":100,"color_scheme":"background-1","text_alignment_mobile":"center"}}},"block_order":["template--14957954498633__6742bddb-b6d4-4374-808d-2654dfd1a84f-166778496174e67457-0","template--14957954498633__6742bddb-b6d4-4374-808d-2654dfd1a84f-166778496174e67457-1"],"settings":{"layout":"full_bleed","slide_height":"169","slider_visual":"dots","auto_rotate":false,"change_slides_speed":3,"show_text_below":true,"accessibility_info":"Slideshow about our brand","padding_top":0,"padding_bottom":0,"border_top_thickness":0,"border_right_thickness":0,"border_bottom_thickness":0,"border_left_thickness":0,"border_opacity":0,"addition_class":"landing-page"}},"90be5617-9996-4e35-abf8-5989c6f0155a":{"type":"announcement-bar","blocks":{"1ec9f06d-2c7a-4646-bb1c-b95e410c880e":{"type":"announcement","settings":{"text":"<p>FIRST PURCHASE OFFER: TAKE 30% OFF SHOPWIDE.CODE APPLIED AT CHECKOUT*<\/p>","content_alignment":"center"}}},"block_order":["1ec9f06d-2c7a-4646-bb1c-b95e410c880e"],"settings":{"bg_colors":"#ffc700","text_colors":"#000000","full_width":false,"container":false,"mod_class":"landing-page"}},"45089086-27b1-42c9-b4f6-2d3eb65f3675":{"type":"image-banner","blocks":{"template--17179901002003__45089086-27b1-42c9-b4f6-2d3eb65f3675-1670466778e1c9c147-0":{"type":"heading","settings":{"heading":"New Arrivals Skateboard 2022","heading_size":"h0"}},"template--17179901002003__45089086-27b1-42c9-b4f6-2d3eb65f3675-1670466778e1c9c147-1":{"type":"text","settings":{"text":"Vans Skate Half Cab Bruce Lee Black\/Yellow","text_style":"subtitle"}},"template--17179901002003__45089086-27b1-42c9-b4f6-2d3eb65f3675-1670466778e1c9c147-2":{"type":"buttons","settings":{"button_label_1":"Shop Now","button_link_1":"shopify:\/\/collections\/all","button_style_secondary_1":false,"button_label_2":"","button_link_2":"","button_style_secondary_2":false}}},"block_order":["template--17179901002003__45089086-27b1-42c9-b4f6-2d3eb65f3675-1670466778e1c9c147-0","template--17179901002003__45089086-27b1-42c9-b4f6-2d3eb65f3675-1670466778e1c9c147-1","template--17179901002003__45089086-27b1-42c9-b4f6-2d3eb65f3675-1670466778e1c9c147-2"],"settings":{"mod_class":"landing-page","image":"shopify:\/\/shop_images\/wepik-photo-mode-2022118-102646.png","image_overlay_opacity":0,"image_height":"large","adapt_height_first_image":false,"desktop_content_position":"middle-center","show_text_box":false,"desktop_content_alignment":"center","color_scheme":"background-1","mobile_content_alignment":"center","stack_images_on_mobile":true,"show_text_below":true,"border_top_thickness":0,"border_right_thickness":0,"border_bottom_thickness":0,"border_left_thickness":0,"border_opacity":0}},"44a2b303-ca78-4ae6-97ee-d6d626131861":{"type":"featured-collection","settings":{"title":"NEW ARRIVALS","heading_size":"h0","title_style":"03","description_style":"body","description":"","show_description":false,"collection":"skateboard","show_card_collection":false,"products_to_show":9,"columns_desktop":4,"full_width":true,"show_view_all":true,"view_all_style":"outline","enable_desktop_slider":true,"slider_visual":"nav","color_scheme":"accent-2","desktop_layout":"left","image_ratio":"portrait","show_secondary_image":true,"show_vendor":true,"show_rating":true,"show_product_description":true,"enable_quick_add":true,"columns_mobile":"1","swipe_on_mobile":true,"padding_top":36,"padding_bottom":36,"border_top_thickness":0,"border_right_thickness":0,"border_bottom_thickness":0,"border_left_thickness":0,"border_opacity":0,"mod_class":"landing-page"}},"5a416248-f91e-4c46-85db-3af7cd9bb8e5":{"type":"video","settings":{"heading":"","heading_size":"h1","cover_image":"shopify:\/\/shop_images\/lukas-bato-Vbbn4xNBfnM-unsplash.jpg","video_url":"https:\/\/www.youtube.com\/watch?v=-8u8Fi1rdzs","description":"","full_width":true,"color_scheme":"background-1","padding_top":0,"padding_bottom":0}},"047e13eb-9c05-4800-be6b-69ad4ea6d4f1":{"type":"rich-text","blocks":{"template--17179901002003__047e13eb-9c05-4800-be6b-69ad4ea6d4f1-16704710515932aee2-0":{"type":"heading","settings":{"heading":"<p>Sign Up to Receive 15% Off Your First Order<\/p>","heading_size":"h1"}},"template--17179901002003__047e13eb-9c05-4800-be6b-69ad4ea6d4f1-16704710515932aee2-1":{"type":"text","disabled":true,"settings":{"text":"<p>Share information about your brand with your customers. Describe a product, make announcements, or welcome customers to your store.<\/p>"}},"template--17179901002003__047e13eb-9c05-4800-be6b-69ad4ea6d4f1-16704710515932aee2-2":{"type":"button","settings":{"button_label":"Sign Up Account","button_link":"https:\/\/joomlart-peakshop.myshopify.com\/account\/login","button_style_secondary":true,"button_label_2":"","button_link_2":"","button_style_secondary_2":false}}},"block_order":["template--17179901002003__047e13eb-9c05-4800-be6b-69ad4ea6d4f1-16704710515932aee2-0","template--17179901002003__047e13eb-9c05-4800-be6b-69ad4ea6d4f1-16704710515932aee2-1","template--17179901002003__047e13eb-9c05-4800-be6b-69ad4ea6d4f1-16704710515932aee2-2"],"settings":{"class_suffix":"landing-email-signup","desktop_content_position":"center","content_alignment":"center","color_scheme":"accent-2","full_width":true,"padding_top":48,"padding_bottom":48}}},"order":["main","a0cb26df-4304-4592-91f2-906a3c339412","6742bddb-b6d4-4374-808d-2654dfd1a84f","90be5617-9996-4e35-abf8-5989c6f0155a","45089086-27b1-42c9-b4f6-2d3eb65f3675","44a2b303-ca78-4ae6-97ee-d6d626131861","5a416248-f91e-4c46-85db-3af7cd9bb8e5","047e13eb-9c05-4800-be6b-69ad4ea6d4f1"]}