{"sections":{"61f849a9-f600-4591-8f82-0e40cc947bc5":{"type":"breadcrumb","settings":{"alignment_breadcrumb":"left","padding_top":36,"padding_bottom":36}},"main":{"type":"main-page","settings":{"page_title":"About us","alignment_title":"left","padding_top":0,"padding_bottom":24,"suffix-class":"about-us-title"}},"b0961093-e7aa-4fc4-97ce-69426f4fca14":{"type":"ja-slider","blocks":{"template--17150322376979__b0961093-e7aa-4fc4-97ce-69426f4fca14-1670576032829c6c90-0":{"type":"slide","settings":{"image":"shopify:\/\/shop_images\/christophe-meyer-ffvA4qpRjHY-unsplash_2.jpg","heading":"Provide perfect and practical services","heading_size":"h2","subheading":"Lorem quis bibendum auctar, nisi elit consequat ipsum, nec sagittis sem nibh id elit.","button_label":"","link":"","link_style":"solid","box_align":"right","box_width":100,"button_label2":"","link2":"","link_style2":"solid","text_alignment":"left","image_overlay_opacity":100,"color_scheme":"accent-4","text_alignment_mobile":"center"}}},"block_order":["template--17150322376979__b0961093-e7aa-4fc4-97ce-69426f4fca14-1670576032829c6c90-0"],"settings":{"layout":"grid","slide_height":"medium","slider_visual":"counter","auto_rotate":false,"change_slides_speed":5,"show_text_below":true,"accessibility_info":"ja_slider about our brand","padding_top":0,"padding_bottom":0,"border_top_thickness":0,"border_right_thickness":0,"border_bottom_thickness":0,"border_left_thickness":0,"border_opacity":0,"addition_class":"about-2"}},"0991cb4c-9273-472d-9388-1a9a116ad516":{"type":"ja-slider","blocks":{"template--17150322376979__0991cb4c-9273-472d-9388-1a9a116ad516-1670576032829c6c90-0":{"type":"slide","settings":{"image":"shopify:\/\/shop_images\/bg-video.jpg","heading":"Provide fashionable andqualifed products","heading_size":"h2","subheading":"Already millions of people are very satisfied by thi. s page builder and the number is growing more and more. Technolog developing, requirements are increasing. Riode has brought.","button_label":"","link":"","link_style":"solid","box_align":"left","box_width":100,"button_label2":"","link2":"","link_style2":"solid","text_alignment":"center","image_overlay_opacity":0,"color_scheme":"accent-3","text_alignment_mobile":"center"}}},"block_order":["template--17150322376979__0991cb4c-9273-472d-9388-1a9a116ad516-1670576032829c6c90-0"],"settings":{"layout":"grid","slide_height":"medium","slider_visual":"counter","auto_rotate":false,"change_slides_speed":5,"show_text_below":true,"accessibility_info":"ja_slider about our brand","padding_top":0,"padding_bottom":0,"border_top_thickness":0,"border_right_thickness":0,"border_bottom_thickness":0,"border_left_thickness":0,"border_opacity":0,"addition_class":"about-2"}},"5fef454b-1f05-4575-9b6f-c5a7d137e593":{"type":"ja-slider","blocks":{"template--17150322376979__5fef454b-1f05-4575-9b6f-c5a7d137e593-1670576032829c6c90-0":{"type":"slide","settings":{"image":"shopify:\/\/shop_images\/collection-1.jpg","heading":"Expect Restless Amazing Support","heading_size":"h2","subheading":"Tell your brand's story through images","button_label":"","link":"","link_style":"solid","box_align":"right","box_width":100,"button_label2":"","link2":"","link_style2":"solid","text_alignment":"center","image_overlay_opacity":0,"color_scheme":"accent-2","text_alignment_mobile":"center"}}},"block_order":["template--17150322376979__5fef454b-1f05-4575-9b6f-c5a7d137e593-1670576032829c6c90-0"],"settings":{"layout":"grid","slide_height":"medium","slider_visual":"counter","auto_rotate":false,"change_slides_speed":5,"show_text_below":true,"accessibility_info":"ja_slider about our brand","padding_top":0,"padding_bottom":0,"border_top_thickness":0,"border_right_thickness":0,"border_bottom_thickness":0,"border_left_thickness":0,"border_opacity":0,"addition_class":"about-2 last-element"}},"04c80791-1da3-4243-b726-b523ed26e116":{"type":"multicolumn","blocks":{"template--17150322376979__04c80791-1da3-4243-b726-b523ed26e116-167022396740d7abf2-0":{"type":"column","settings":{"image":"shopify:\/\/shop_images\/trophy.png","image_position":"top","title":"20+ Years of experience","title_size":"h4","icon":"none","icon_position":"left","text":"<p>Lorem Ipsum is simply dummy text printing and typesetting<\/p>","link_label":"","link":"","link_style":"link","padding_left":32,"padding_right":32,"padding_top":48,"padding_bottom":48,"image_spacing":25}},"template--17150322376979__04c80791-1da3-4243-b726-b523ed26e116-167022396740d7abf2-1":{"type":"column","settings":{"image":"shopify:\/\/shop_images\/positive-review.png","image_position":"top","title":"40,000+ Happy customer","title_size":"h4","icon":"none","icon_position":"left","text":"<p>Lorem Ipsum is simply dummy text printing and typesetting<\/p>","link_label":"","link":"","link_style":"link","padding_left":32,"padding_right":32,"padding_top":48,"padding_bottom":48,"image_spacing":25}},"template--17150322376979__04c80791-1da3-4243-b726-b523ed26e116-167022396740d7abf2-2":{"type":"column","settings":{"image":"shopify:\/\/shop_images\/medal_bc508dec-ca90-4604-bd40-e6593553cf4b.png","image_position":"top","title":"Awesome performance","title_size":"h4","icon":"none","icon_position":"left","text":"<p>Lorem Ipsum is simply dummy text printing and typesetting<\/p>","link_label":"","link":"","link_style":"link","padding_left":32,"padding_right":32,"padding_top":48,"padding_bottom":48,"image_spacing":25}},"2c713ff4-09d4-4928-8479-c830e09b36d1":{"type":"column","settings":{"image":"shopify:\/\/shop_images\/light-bulb_c2f0c92c-26c9-496b-bc3e-b0a68e71926b.png","image_position":"top","title":"Impressive design","title_size":"h4","icon":"none","icon_position":"left","text":"<p>Lorem Ipsum is simply dummy text printing and typesetting<\/p>","link_label":"","link":"","link_style":"link","padding_left":32,"padding_right":32,"padding_top":48,"padding_bottom":48,"image_spacing":25}}},"block_order":["template--17150322376979__04c80791-1da3-4243-b726-b523ed26e116-167022396740d7abf2-0","template--17150322376979__04c80791-1da3-4243-b726-b523ed26e116-167022396740d7abf2-1","template--17150322376979__04c80791-1da3-4243-b726-b523ed26e116-167022396740d7abf2-2","2c713ff4-09d4-4928-8479-c830e09b36d1"],"settings":{"title":"","sub-title":"","mod_class":"about-2","heading_size":"h0","layout":"grid","image_width":"third","image_ratio":"square","columns_desktop":4,"row_alignment":"top","column_alignment":"center","background_style":"primary","button_label":"","button_link":"","color_scheme":"background-1","columns_tablet":"2","swipe_on_tablet":false,"columns_mobile":"1","swipe_on_mobile":false,"padding_top":48,"padding_bottom":48,"border_top_thickness":0,"border_right_thickness":0,"border_bottom_thickness":0,"border_left_thickness":0,"border_opacity":0}},"508c9098-19c4-46b5-919e-556c33cf1227":{"type":"main-team","blocks":{"template--17150322376979__508c9098-19c4-46b5-919e-556c33cf1227-16703099644bc62f29-0":{"type":"column","settings":{"image":"shopify:\/\/shop_images\/avatar-1.jpg","image_position":"top","title":"Bianca Alexander","title_size":"h4","icon":"none","icon_position":"center","text":"<p>Designer<\/p>","link_label":"","link":"","link_style":"link","padding_left":0,"padding_right":0,"image_spacing":24}},"template--17150322376979__508c9098-19c4-46b5-919e-556c33cf1227-16703099644bc62f29-1":{"type":"column","settings":{"image":"shopify:\/\/shop_images\/avatar-2.jpg","image_position":"top","title":"Dale Spraggins","title_size":"h4","icon":"none","icon_position":"left","text":"<p>Designer<\/p>","link_label":"","link":"","link_style":"link","padding_left":0,"padding_right":0,"image_spacing":24}},"template--17150322376979__508c9098-19c4-46b5-919e-556c33cf1227-16703099644bc62f29-2":{"type":"column","settings":{"image":"shopify:\/\/shop_images\/avatar-3.jpg","image_position":"top","title":"Curtis Wilcher","title_size":"h4","icon":"none","icon_position":"left","text":"<p>Designer<\/p>","link_label":"","link":"","link_style":"link","padding_left":0,"padding_right":0,"image_spacing":24}},"79ec50ca-30b9-4656-a03f-272976a856d1":{"type":"column","settings":{"image":"shopify:\/\/shop_images\/avatar-4.jpg","image_position":"top","title":"Faye Warner","title_size":"h4","icon":"none","icon_position":"left","text":"<p>Designer<\/p>","link_label":"","link":"","link_style":"link","padding_left":0,"padding_right":0,"image_spacing":24}}},"block_order":["template--17150322376979__508c9098-19c4-46b5-919e-556c33cf1227-16703099644bc62f29-0","template--17150322376979__508c9098-19c4-46b5-919e-556c33cf1227-16703099644bc62f29-1","template--17150322376979__508c9098-19c4-46b5-919e-556c33cf1227-16703099644bc62f29-2","79ec50ca-30b9-4656-a03f-272976a856d1"],"settings":{"title":"OUR AWESOME TEAM","sub-title":"What Happens Here","heading_size":"h2","layout":"grid","image_width":"full","image_ratio":"portrait","columns_desktop":4,"row_alignment":"middle","column_alignment":"center","background_style":"primary","button_label":"","button_link":"","color_scheme":"background-1","columns_tablet":"2","swipe_on_tablet":false,"columns_mobile":"1","swipe_on_mobile":false,"padding_top":0,"padding_bottom":48,"border_top_thickness":0,"border_right_thickness":0,"border_bottom_thickness":0,"border_left_thickness":0,"border_opacity":0}}},"order":["61f849a9-f600-4591-8f82-0e40cc947bc5","main","b0961093-e7aa-4fc4-97ce-69426f4fca14","0991cb4c-9273-472d-9388-1a9a116ad516","5fef454b-1f05-4575-9b6f-c5a7d137e593","04c80791-1da3-4243-b726-b523ed26e116","508c9098-19c4-46b5-919e-556c33cf1227"]}