{"sections":{"main":{"type":"main-page","disabled":true,"settings":{"padding_top":28,"padding_bottom":28,"suffix-class":""}},"6742bddb-b6d4-4374-808d-2654dfd1a84f":{"type":"slideshow","blocks":{"template--14957954498633__6742bddb-b6d4-4374-808d-2654dfd1a84f-166778496174e67457-0":{"type":"slide","settings":{"heading":"Image slide","heading_size":"h3","subheading":"Tell your brand's story through images","button_label":"Button label","link":"","link_style":"solid","box_align":"middle-center","button_label2":"","link2":"","link_style2":"solid","show_text_box":true,"text_alignment":"center","image_overlay_opacity":0,"color_scheme":"background-1","text_alignment_mobile":"center"}},"template--14957954498633__6742bddb-b6d4-4374-808d-2654dfd1a84f-166778496174e67457-1":{"type":"slide","settings":{"heading":"Image slide","heading_size":"h3","subheading":"Tell your brand's story through images","button_label":"Button label","link":"","link_style":"solid","box_align":"middle-center","button_label2":"","link2":"","link_style2":"solid","show_text_box":true,"text_alignment":"center","image_overlay_opacity":0,"color_scheme":"background-1","text_alignment_mobile":"center"}}},"block_order":["template--14957954498633__6742bddb-b6d4-4374-808d-2654dfd1a84f-166778496174e67457-0","template--14957954498633__6742bddb-b6d4-4374-808d-2654dfd1a84f-166778496174e67457-1"],"settings":{"layout":"full_bleed","slide_height":"adapt_image","slider_visual":"counter","auto_rotate":false,"change_slides_speed":5,"show_text_below":true,"accessibility_info":"Slideshow about our brand","padding_top":36,"padding_bottom":36}}},"order":["main","6742bddb-b6d4-4374-808d-2654dfd1a84f"]}