{"sections":{"main":{"type":"main-page","settings":{"alignment_title":"left","padding_top":28,"padding_bottom":28,"suffix-class":""}},"18fe5ac3-ccf9-4715-a0bd-22ac08996599":{"type":"multicolumn","blocks":{"template--17189957763347__18fe5ac3-ccf9-4715-a0bd-22ac08996599-16705552709d0167a1-0":{"type":"column","settings":{"image":"shopify:\/\/shop_images\/fa21_shop_icon_building.webp","image_position":"top","title":"Same Day in Store Pickup","title_size":"h4","icon":"none","icon_position":"left","text":"<p>Order online by 3pm for same day* in store pickup, prior to store closing hours. Orders placed after 3pm will be available for pickup the next day*.Order online by 3pm for same day* in store pickup, prior to store closing hours. Orders placed after 3pm will be available for pickup the next day*.Order online by 3pm for same day* in store pickup, prior to store closing hours. Orders placed after 3pm will be available for pickup the next day*.<\/p><p>Order online by 3pm for same day* in store pickup, prior to store closing hours. Orders placed after 3pm will be available for pickup the next day*.<\/p><p>Order online by 3pm for same day* in store pickup, prior to store closing hours. Orders placed after 3pm will be available for pickup the next day*.Order online by 3pm for same day* in store pickup, prior to store closing hours. Orders placed after 3pm will be available for pickup the next day*.<\/p>","link_label":"View Details","link":"#","link_style":"link","padding_left":32,"padding_right":32,"image_spacing":25}},"template--17189957763347__18fe5ac3-ccf9-4715-a0bd-22ac08996599-16705552709d0167a1-1":{"type":"column","settings":{"image":"shopify:\/\/shop_images\/fa21_shop_icon_car.webp","image_position":"top","title":"Same Day Curbside Pickup","title_size":"h4","icon":"none","icon_position":"left","text":"<p>Order online by 3pm for same day* contactless and convenient curbside pickup at select stores across California.Order online by 3pm for same day* contactless and convenient curbside pickup at select stores across California.Order online by 3pm for same day* contactless and convenient curbside pickup at select stores across California.<\/p><p>Order online by 3pm for same day* contactless and convenient curbside pickup at select stores across California.<\/p><p>Order online by 3pm for same day* contactless and convenient curbside pickup at select stores across California.<\/p><p>Order online by 3pm for same day* contactless and convenient curbside pickup at select stores across California.<\/p>","link_label":"View Details","link":"#","link_style":"link","padding_left":32,"padding_right":32,"image_spacing":25}},"template--17189957763347__18fe5ac3-ccf9-4715-a0bd-22ac08996599-16705552709d0167a1-2":{"type":"column","settings":{"image":"shopify:\/\/shop_images\/fa21_shop_icon_dolly.webp","image_position":"top","title":"Ship to Store (Pickup)","title_size":"h4","icon":"none","icon_position":"left","text":"<p>Want to pickup your order at your selected store, but the store doesn't have the items on-hand? Then use our 'Ship to Store' service to have your order shipped from our distribution center to your selected store and pick it up in 5-7 business day.Want to pickup your order at your selected store, but the store doesn't have the items on-hand? Then use our 'Ship to Store' service to have your order shipped from our distribution center to your selected store and pick it up in 5-7 business day.<\/p><p>Want to pickup your order at your selected store, but the store doesn't have the items on-hand? Then use our 'Ship to Store' service to have your order shipped from our distribution center to your selected store and pick it up in 5-7 business day.<\/p><p>Want to pickup your order at your selected store, but the store doesn't have the items on-hand? Then use our 'Ship to Store' service to have your order shipped from our distribution center to your selected store and pick it up in 5-7 business day.<\/p>","link_label":"View Details","link":"#","link_style":"link","padding_left":32,"padding_right":32,"image_spacing":25}},"3cecdb73-cc6f-4f14-8e67-3cbaf8a31039":{"type":"column","settings":{"image":"shopify:\/\/shop_images\/fa21_shop_icon_truck.webp","image_position":"top","title":"Home Delivery","title_size":"h4","icon":"none","icon_position":"left","text":"<p>Free home delivery is available for all orders, with our standard 5-7 business day* shipping.Free home delivery is available for all orders, with our standard 5-7 business day* shipping.Free home delivery is available for all orders, with our standard 5-7 business day* shipping.<\/p><p>Free home delivery is available for all orders, with our standard 5-7 business day* shipping.<\/p><p>Free home delivery is available for all orders, with our standard 5-7 business day* shipping.<\/p><p>Free home delivery is available for all orders, with our standard 5-7 business day* shipping.<\/p>","link_label":"View Details","link":"#","link_style":"link","padding_left":32,"padding_right":32,"image_spacing":25}},"af652c5e-effe-44e6-855e-1af9be175721":{"type":"column","settings":{"image":"shopify:\/\/shop_images\/fa21_shop_icon_truckd.webp","image_position":"top","title":"Expedited Home Delivery","title_size":"h4","icon":"none","icon_position":"left","text":"<p>If you want home delivery, but you want it faster than our standard 5-7 business day shipping, we offer two expedited shipping options.If you want home delivery, but you want it faster than our standard 5-7 business day shipping, we offer two expedited shipping options.If you want home delivery, but you want it faster than our standard 5-7 business day shipping, we offer two expedited shipping options.<\/p><p>If you want home delivery, but you want it faster than our standard 5-7 business day shipping, we offer two expedited shipping options.<\/p><p>If you want home delivery, but you want it faster than our standard 5-7 business day shipping, we offer two expedited shipping options.<\/p>","link_label":"View Details","link":"#","link_style":"link","padding_left":32,"padding_right":32,"image_spacing":25}},"5afb7cdb-cb5f-4e7b-8c37-7084f2f18c4c":{"type":"column","settings":{"image":"shopify:\/\/shop_images\/fa21_shop_icon_shopb.webp","image_position":"top","title":"Shop in Store","title_size":"h4","icon":"none","icon_position":"left","text":"<p>With nearly 500 stores across the country, including our Outlets, there's likely a Vans store near you. Come and meet our amazing team of brand ambassadors! With nearly 500 stores across the country, including our Outlets, there's likely a Vans store near you. Come and meet our amazing team of brand ambassadors! With nearly 500 stores across the country, including our Outlets, there's likely a Vans store near you. Come and meet our amazing team of brand ambassadors!<\/p><p>With nearly 500 stores across the country, including our Outlets, there's likely a Vans store near you. Come and meet our amazing team of brand ambassadors!<\/p><p>With nearly 500 stores across the country, including our Outlets, there's likely a Vans store near you. Come and meet our amazing team of brand ambassadors!<\/p>","link_label":"View Details","link":"#","link_style":"link","padding_left":32,"padding_right":32,"image_spacing":25}}},"block_order":["template--17189957763347__18fe5ac3-ccf9-4715-a0bd-22ac08996599-16705552709d0167a1-0","template--17189957763347__18fe5ac3-ccf9-4715-a0bd-22ac08996599-16705552709d0167a1-1","template--17189957763347__18fe5ac3-ccf9-4715-a0bd-22ac08996599-16705552709d0167a1-2","3cecdb73-cc6f-4f14-8e67-3cbaf8a31039","af652c5e-effe-44e6-855e-1af9be175721","5afb7cdb-cb5f-4e7b-8c37-7084f2f18c4c"],"settings":{"title":"","sub-title":"","mod_class":"shopping-guide","heading_size":"h0","layout":"grid","image_width":"third","image_ratio":"adapt","columns_desktop":3,"row_alignment":"top","column_alignment":"center","background_style":"primary","button_label":"","button_link":"","color_scheme":"background-1","columns_tablet":"2","swipe_on_tablet":false,"columns_mobile":"1","swipe_on_mobile":false,"padding_top":36,"padding_bottom":36,"border_top_thickness":0,"border_right_thickness":0,"border_bottom_thickness":0,"border_left_thickness":0,"border_opacity":0}}},"order":["main","18fe5ac3-ccf9-4715-a0bd-22ac08996599"]}