{"sections":{"1663821762badf5565":{"type":"breadcrumb","settings":{"alignment_breadcrumb":"center","padding_top":36,"padding_bottom":36}},"cd4880b2-bfb4-4aae-959f-a06cba5e6b15":{"type":"ja-map","settings":{"title":"Google Map","heading_size":"h1","address":"New York","zoom":12,"color_scheme":"background-1","width":"100%","height":"600px","padding_top":0,"padding_bottom":0}},"main":{"type":"main-page","settings":{"page_title":"Keep in touch","alignment_title":"center","padding_top":48,"padding_bottom":0,"suffix-class":"contact-heading"}},"form":{"type":"contact-form-2","blocks":{"59dea0b6-a68d-4ee7-8b72-e6ebf879f73e":{"type":"misc","settings":{"description":"Questions or comments about this theme? Please view Atoms's documentation here for theme settings information, etc. If your questions still aren't answered, feel free to send our support team a message via the form below and we'll be happy to help you out. This is just a demo store.","address":"Dr. Florian Proell & Colleagues, Cicerostrabe 21, 10709 Berlin","phone-1":"(+49) 30 880911 0","phone-2":" (555) 555-1234","email":"support@gmail.com","web-address":"https:\/\/joomlart-peakshop.myshopify.com\/"}}},"block_order":["59dea0b6-a68d-4ee7-8b72-e6ebf879f73e"],"settings":{"heading":"Contact Form","heading_size":"h2","color_scheme":"background-1","padding_top":0,"padding_bottom":48}}},"order":["1663821762badf5565","cd4880b2-bfb4-4aae-959f-a06cba5e6b15","main","form"]}