{"layout":"password","sections":{"main":{"type":"email-signup-banner","blocks":{"heading":{"type":"heading","settings":{"heading":"Comming soon","heading_size":"h2"}},"paragraph":{"type":"paragraph","settings":{"text":"<p>We're coming soon! We're working hard to give you the best experience!<\/p>","text_style":"body"}},"email_form":{"type":"email_form","settings":{}},"a03b178d-798e-4076-b428-ccb0d0b8941d":{"type":"countdown_timer","settings":{"countdown-title":"Special Offer End In","countdown-timer":"Dec 22, 2023"}}},"block_order":["heading","paragraph","email_form","a03b178d-798e-4076-b428-ccb0d0b8941d"],"settings":{"image":"shopify:\/\/shop_images\/3481b27143ca1c5acf3d419e7ffe4a91.jpg","image_overlay_opacity":50,"show_text_box":false,"desktop_content_alignment":"center","color_scheme":"accent-1","mobile_content_alignment":"center","show_text_below":true}}},"order":["main"]}