{"sections":{"b8937e46-747e-40ee-94d4-bfd42a3aa11a":{"type":"breadcrumb","settings":{"alignment_breadcrumb":"left","padding_top":36,"padding_bottom":36}},"main":{"type":"main-product-05","blocks":{"vendor":{"type":"text","settings":{"text":"{{ product.vendor }}","text_style":"uppercase"}},"title":{"type":"title","settings":{}},"93d8acff-599a-4a3a-be22-029395575b2a":{"type":"shopify:\/\/apps\/product-reviews\/blocks\/star_rating\/bae150af-8da8-48b2-9867-398188115e5f","settings":{"stars_fill_color":"#ffc107","star_size":15,"text_align":"flex-start","product":"{{product}}","stars_text_empty":"No reviews"}},"price":{"type":"price","settings":{}},"23ebf0a2-bba6-4be2-8af7-6c1bacfbe482":{"type":"short_description","settings":{"word_number":"120"}},"variant_picker":{"type":"variant_picker","settings":{"picker_type":"button"}},"quantity_selector":{"type":"quantity_selector","settings":{}},"description":{"type":"description","settings":{}},"buy_buttons":{"type":"buy_buttons","settings":{"show_dynamic_checkout":true}},"share":{"type":"share","settings":{"share_label":"Share"}},"collapsible-row-2":{"type":"collapsible_tab","settings":{"heading":"Size chart","icon":"clipboard","content":"<p><em>\"This is demonstration content, designed to showcase how pages could look with your own content\"<\/em><\/p><p><strong>How to measure yourself:<br\/><\/strong>Size Guide: S=US 4-6, M=US 8-10, L=US 12-14, XL=16.<br\/>To find the perfect fit, simply put on your favourite underwear and measure yourself directly on your body. Then use the size chart and the information found in the product description to find your fit.<\/p>","image_ratio":"43","page":""}},"collapsible-row-1":{"type":"collapsible_tab","settings":{"heading":"Shipping & Returns","icon":"truck","content":"<p>- Ships Worldwide<br\/>- Free Shipping all orders over $50 (the contiguous US only)<br\/>- Free returns\/exchanges up to 30 days from purchase<\/p>","image_ratio":"43","page":""}},"collapsible-row-0":{"type":"collapsible_tab","settings":{"heading":"HELP","icon":"chat_bubble","content":"<p>Our fashion consultants are on hand & ready to support you.Get in touch via our contact form here.<\/p>","image_ratio":"43","page":""}}},"block_order":["vendor","title","93d8acff-599a-4a3a-be22-029395575b2a","price","23ebf0a2-bba6-4be2-8af7-6c1bacfbe482","variant_picker","quantity_selector","description","buy_buttons","share","collapsible-row-2","collapsible-row-1","collapsible-row-0"],"settings":{"media_size":"large","gallery_layout":"grid-3-column","thumbnail_ratio":"11","mobile_thumbnails":"hide","hide_variants":true,"enable_video_looping":false,"padding_top":48,"padding_bottom":48}},"a3627e30-1415-4779-aff7-c27887c3b101":{"type":"collapsible-info-product","blocks":{"00e3fd43-52d6-4342-a5a0-0535a74209a2":{"type":"collapsible_tab","settings":{"heading":"Overview","icon":"none","content":"","description":true,"image_ratio":"43","page":""}},"79dcad13-559a-4436-b2f5-8fc9979a463c":{"type":"collapsible_tab","settings":{"heading":"Brand","icon":"none","content":"<p>Content Here<\/p>","description":false,"image_ratio":"43","page":""}},"8886ca12-8765-4192-83ec-3250a3489334":{"type":"collapsible_tab","settings":{"heading":"Help","icon":"none","content":"<p>Help content<\/p>","description":false,"image_ratio":"43","page":""}}},"block_order":["00e3fd43-52d6-4342-a5a0-0535a74209a2","79dcad13-559a-4436-b2f5-8fc9979a463c","8886ca12-8765-4192-83ec-3250a3489334"],"settings":{"collapsible_type":"tabs","box_width":60,"collapsible_tab_header_position":"top","padding_top":36,"padding_bottom":36}},"697c1a1a-17f7-435b-b2a6-b4715033048e":{"type":"video","settings":{"heading":"","heading_size":"h1","cover_image":"shopify:\/\/shop_images\/bg-video.jpg","video_url":"https:\/\/www.youtube.com\/watch?v=P1lO5MAm9bQ","description":"","full_width":true,"color_scheme":"background-1","padding_top":0,"padding_bottom":0}},"16703160910adaf92f":{"type":"apps","blocks":{"20c2f2f9-fe3e-482a-a912-509d7693699a":{"type":"shopify:\/\/apps\/product-reviews\/blocks\/reviews\/bae150af-8da8-48b2-9867-398188115e5f","settings":{}}},"block_order":["20c2f2f9-fe3e-482a-a912-509d7693699a"],"settings":{"include_margins":true}},"product-recommendations":{"type":"product-recommendations","settings":{"heading":"You may also like","heading_size":"h3","heading_style":"01","description":"<p><\/p>","description_style":"body","products_to_show":4,"columns_desktop":4,"color_scheme":"background-1","image_ratio":"portrait","show_secondary_image":true,"show_vendor":true,"show_rating":true,"columns_mobile":"2","padding_top":24,"padding_bottom":48}}},"order":["b8937e46-747e-40ee-94d4-bfd42a3aa11a","main","a3627e30-1415-4779-aff7-c27887c3b101","697c1a1a-17f7-435b-b2a6-b4715033048e","16703160910adaf92f","product-recommendations"]}