{"sections":{"e496ea93-4521-4e94-b136-cccefbb0fda1":{"type":"breadcrumb","settings":{"alignment_breadcrumb":"left","padding_top":36,"padding_bottom":36}},"main":{"type":"main-product-02","blocks":{"vendor":{"type":"text","settings":{"text":"{{ product.vendor }}","text_style":"uppercase"}},"title":{"type":"title","settings":{}},"4824f6e2-b41f-4ac5-b670-f23261309780":{"type":"shopify:\/\/apps\/product-reviews\/blocks\/star_rating\/bae150af-8da8-48b2-9867-398188115e5f","settings":{"stars_fill_color":"#ffc107","star_size":15,"text_align":"flex-start","product":"{{product}}","stars_text_empty":"No reviews"}},"caption":{"type":"text","settings":{"text":"{{ product.metafields.descriptors.subtitle.value }}","text_style":"subtitle"}},"price":{"type":"price","settings":{}},"2f8c8ec6-a42b-4014-8199-48dede731379":{"type":"short_description","settings":{"word_number":"120"}},"variant_picker":{"type":"variant_picker","settings":{"picker_type":"button"}},"quantity_selector":{"type":"quantity_selector","settings":{}},"buy_buttons":{"type":"buy_buttons","settings":{"show_dynamic_checkout":true}},"description":{"type":"description","settings":{}},"share":{"type":"share","settings":{"share_label":"Share"}}},"block_order":["vendor","title","4824f6e2-b41f-4ac5-b670-f23261309780","caption","price","2f8c8ec6-a42b-4014-8199-48dede731379","variant_picker","quantity_selector","buy_buttons","description","share"],"settings":{"enable_sticky_info":true,"media_size":"small","gallery_layout":"thumbnail","gallery_position":"right","thumbnail_ratio":"11","mobile_thumbnails":"hide","hide_variants":true,"enable_video_looping":false,"layout_description":"tabs","padding_top":48,"padding_bottom":48}},"538ed27d-666d-4169-9ba0-d844989d9d9b":{"type":"collapsible-info-product","blocks":{"4451808a-c984-4bd8-8ba8-a69df0d051fc":{"type":"collapsible_tab","settings":{"heading":"Overview","icon":"none","content":"","description":true,"image_ratio":"43","page":""}},"60ec516c-2d9f-48d1-abba-a3b3f44a543c":{"type":"collapsible_tab","settings":{"heading":"Brand","icon":"none","content":"<p><em>\"This is demonstration content, designed to showcase how pages could look with your own content\"<\/em><\/p><p><strong>How to measure yourself:<br\/><\/strong>Size Guide: S=US 4-6, M=US 8-10, L=US 12-14, XL=16.<br\/>To find the perfect fit, simply put on your favourite underwear and measure yourself directly on your body. Then use the size chart and the information found in the product description to find your fit.<\/p>","description":false,"image_ratio":"43","page":""}},"4d16be99-0cc5-4a35-8c00-63510ede95b5":{"type":"collapsible_tab","settings":{"heading":"Help","icon":"none","content":"<p>Our fashion consultants are on hand & ready to support you.Get in touch via our contact form here.<\/p>","description":false,"image_ratio":"43","page":""}}},"block_order":["4451808a-c984-4bd8-8ba8-a69df0d051fc","60ec516c-2d9f-48d1-abba-a3b3f44a543c","4d16be99-0cc5-4a35-8c00-63510ede95b5"],"settings":{"collapsible_type":"tabs","box_width":60,"collapsible_tab_header_position":"left","padding_top":36,"padding_bottom":36}},"1670316005dc6b3730":{"type":"apps","blocks":{"dc423ae5-d0d4-4b6f-85da-bbb69d001a3d":{"type":"shopify:\/\/apps\/product-reviews\/blocks\/reviews\/bae150af-8da8-48b2-9867-398188115e5f","settings":{}}},"block_order":["dc423ae5-d0d4-4b6f-85da-bbb69d001a3d"],"settings":{"include_margins":true}},"product-recommendations":{"type":"product-recommendations","settings":{"heading":"You may also like","heading_size":"h3","heading_style":"01","description":"<p><\/p>","description_style":"body","products_to_show":4,"columns_desktop":4,"color_scheme":"background-2","image_ratio":"portrait","show_secondary_image":true,"show_vendor":false,"show_rating":false,"columns_mobile":"2","padding_top":96,"padding_bottom":96}},"a33f11c8-b504-4e5a-acf2-d4ed3a501f6f":{"type":"ja-slider","blocks":{"template--17016615436563__a33f11c8-b504-4e5a-acf2-d4ed3a501f6f-1670229074e430f71a-1":{"type":"slide","settings":{"image":"shopify:\/\/shop_images\/slide-01.jpg","heading":"REAL 2022 SKATEBOARD DESKS","heading_size":"h0","subheading":"Fusce posuere nec ipsum a volutpat. In at dictum est, at pulvinar mauris. Sed hendrerit nisl a tincidunt placerat. Suspendisse potenti. Sed at maximus est. Mauris vel auctor ex. Morbi at fermentum urna, in cursus leo. Sed aliquam auctor ante, id pharetra augue aliquet in. Sed at rutrum odio.","button_label":"VIEW ALL PRODUCTS","link":"","link_style":"solid","box_align":"right","box_width":90,"button_label2":"","link2":"","link_style2":"solid","text_alignment":"center","image_overlay_opacity":0,"color_scheme":"accent-4","text_alignment_mobile":"center"}}},"block_order":["template--17016615436563__a33f11c8-b504-4e5a-acf2-d4ed3a501f6f-1670229074e430f71a-1"],"settings":{"layout":"grid--gapless","slide_height":"square","slider_visual":"counter","auto_rotate":false,"change_slides_speed":5,"show_text_below":true,"accessibility_info":"ja_slider about our brand","padding_top":0,"padding_bottom":0,"border_top_thickness":0,"border_right_thickness":0,"border_bottom_thickness":0,"border_left_thickness":0,"border_opacity":100,"addition_class":""}}},"order":["e496ea93-4521-4e94-b136-cccefbb0fda1","main","538ed27d-666d-4169-9ba0-d844989d9d9b","1670316005dc6b3730","product-recommendations","a33f11c8-b504-4e5a-acf2-d4ed3a501f6f"]}