{"sections":{"1f3f994a-83c7-4c3e-bbe8-57a84f69cea9":{"type":"breadcrumb","settings":{"alignment_breadcrumb":"left","padding_top":36,"padding_bottom":36}},"main":{"type":"main-product-default","blocks":{"vendor":{"type":"text","settings":{"text":"{{ product.vendor }}","text_style":"uppercase"}},"title":{"type":"title","settings":{}},"93d8acff-599a-4a3a-be22-029395575b2a":{"type":"shopify:\/\/apps\/product-reviews\/blocks\/star_rating\/bae150af-8da8-48b2-9867-398188115e5f","settings":{"stars_fill_color":"#ffc107","star_size":15,"text_align":"flex-start","product":"{{product}}","stars_text_empty":"No reviews"}},"price":{"type":"price","settings":{}},"23ebf0a2-bba6-4be2-8af7-6c1bacfbe482":{"type":"short_description","settings":{"word_number":"120"}},"variant_picker":{"type":"variant_picker","settings":{"picker_type":"button"}},"quantity_selector":{"type":"quantity_selector","settings":{}},"description":{"type":"description","settings":{}},"buy_buttons":{"type":"buy_buttons","settings":{"show_dynamic_checkout":true}},"share":{"type":"share","settings":{"share_label":"Share"}},"collapsible-row-3":{"type":"collapsible_tab","settings":{"heading":"Care Instructions","icon":"heart","content":"<p>ullam porta lorem laoreet est auctor imperdiet. Vestibulum consequat nibh sit amet ullamcorper posuere. Sed eu purus nulla. Duis scelerisque a tortor ut congue. Etiam mollis nibh vel dolor eleifend tincidunt. Praesent pharetra, nunc ac auctor tristique, metus lectus accumsan nibh, vel sodales orci ante eget dui.<\/p>","image_ratio":"43","page":""}},"collapsible-row-2":{"type":"collapsible_tab","settings":{"heading":"Product Detail","icon":"clipboard","content":"<p>{{ product.metafields.custom.product_detail | metafield_tag }}<\/p>","image_ratio":"43","page":""}},"collapsible-row-1":{"type":"collapsible_tab","settings":{"heading":"Shipping & Returns","icon":"truck","content":"<p>- Ships Worldwide<br\/>- Free Shipping all orders over $50 (the contiguous US only)<br\/>- Free returns\/exchanges up to 30 days from purchase<\/p>","image_ratio":"43","page":""}},"collapsible-row-0":{"type":"collapsible_tab","settings":{"heading":"HELP","icon":"chat_bubble","content":"<p>Our fashion consultants are on hand & ready to support you.Get in touch via our contact form here.<\/p>","image_ratio":"43","page":""}}},"block_order":["vendor","title","93d8acff-599a-4a3a-be22-029395575b2a","price","23ebf0a2-bba6-4be2-8af7-6c1bacfbe482","variant_picker","quantity_selector","description","buy_buttons","share","collapsible-row-3","collapsible-row-2","collapsible-row-1","collapsible-row-0"],"settings":{"media_size":"medium","gallery_layout":"thumbnail_slider","gallery_position":"bottom","thumbnail_ratio":"34","mobile_thumbnails":"hide","hide_variants":true,"enable_video_looping":false,"padding_top":48,"padding_bottom":48}},"538ed27d-666d-4169-9ba0-d844989d9d9b":{"type":"collapsible-info-product","blocks":{"9d69b8fa-2168-4960-8c44-1db10c4cf754":{"type":"collapsible_tab","settings":{"heading":"Overview","icon":"none","content":"","description":true,"image_ratio":"43","page":""}},"d12a6838-f7f5-4693-a9b4-e19b80592a10":{"type":"collapsible_tab","settings":{"heading":"Description","icon":"none","content":"<p>{{ product.metafields.custom.product_detail | metafield_tag }}<\/p>","description":false,"image_ratio":"43","page":""}},"60ec516c-2d9f-48d1-abba-a3b3f44a543c":{"type":"collapsible_tab","settings":{"heading":"Additional Information","icon":"none","content":"<p>{{ product.metafields.custom._additional_information | metafield_tag }}<\/p>","description":false,"image_ratio":"43","page":""}},"4d16be99-0cc5-4a35-8c00-63510ede95b5":{"type":"collapsible_tab","settings":{"heading":"More","icon":"none","content":"<p>Our fashion consultants are on hand & ready to support you.Get in touch via our contact form here.<\/p>","description":false,"image_ratio":"43","page":""}}},"block_order":["9d69b8fa-2168-4960-8c44-1db10c4cf754","d12a6838-f7f5-4693-a9b4-e19b80592a10","60ec516c-2d9f-48d1-abba-a3b3f44a543c","4d16be99-0cc5-4a35-8c00-63510ede95b5"],"settings":{"collapsible_type":"tabs","box_width":60,"collapsible_tab_header_position":"left","padding_top":36,"padding_bottom":36}},"1670299102da5a53ff":{"type":"apps","blocks":{"ea1b063b-2122-46cd-b4c5-0e4bf201986e":{"type":"shopify:\/\/apps\/product-reviews\/blocks\/reviews\/bae150af-8da8-48b2-9867-398188115e5f","settings":{}}},"block_order":["ea1b063b-2122-46cd-b4c5-0e4bf201986e"],"settings":{"include_margins":true}},"product-recommendations":{"type":"product-recommendations","settings":{"heading":"You may also like","heading_size":"h3","heading_style":"01","description":"<p><\/p>","description_style":"body","products_to_show":4,"columns_desktop":4,"color_scheme":"background-1","image_ratio":"portrait","show_secondary_image":true,"show_vendor":true,"show_rating":true,"columns_mobile":"2","padding_top":24,"padding_bottom":48}},"61f5ea28-b77a-443d-aceb-a97580875f20":{"type":"image-banner","blocks":{"template--17016615436563__61f5ea28-b77a-443d-aceb-a97580875f20-1670485131a855bd3a-0":{"type":"heading","settings":{"heading":"Peak TaiChi Plus Men's Professional Running Shoes","heading_size":"h0"}},"template--17016615436563__61f5ea28-b77a-443d-aceb-a97580875f20-1670485131a855bd3a-1":{"type":"text","settings":{"text":"Vans Skate Half Cab Bruce Lee Black\/Yellow","text_style":"subtitle"}},"template--17016615436563__61f5ea28-b77a-443d-aceb-a97580875f20-1670485131a855bd3a-2":{"type":"buttons","settings":{"button_label_1":"VIEW ALL PRODUCTS","button_link_1":"shopify:\/\/collections\/all","button_style_secondary_1":true,"button_label_2":"","button_link_2":"","button_style_secondary_2":false}}},"block_order":["template--17016615436563__61f5ea28-b77a-443d-aceb-a97580875f20-1670485131a855bd3a-0","template--17016615436563__61f5ea28-b77a-443d-aceb-a97580875f20-1670485131a855bd3a-1","template--17016615436563__61f5ea28-b77a-443d-aceb-a97580875f20-1670485131a855bd3a-2"],"settings":{"mod_class":"","image":"shopify:\/\/shop_images\/3481b27143ca1c5acf3d419e7ffe4a91.jpg","image_overlay_opacity":0,"image_height":"large","adapt_height_first_image":false,"desktop_content_position":"middle-left","show_text_box":false,"desktop_content_alignment":"left","color_scheme":"background-1","mobile_content_alignment":"center","stack_images_on_mobile":true,"show_text_below":true,"border_top_thickness":0,"border_right_thickness":0,"border_bottom_thickness":0,"border_left_thickness":0,"border_opacity":100}}},"order":["1f3f994a-83c7-4c3e-bbe8-57a84f69cea9","main","538ed27d-666d-4169-9ba0-d844989d9d9b","1670299102da5a53ff","product-recommendations","61f5ea28-b77a-443d-aceb-a97580875f20"]}