[{"name":"theme_info","theme_name":"Peakshop","theme_version":"1.0.0","theme_author":"Joomlart","theme_documentation_url":"https:\/\/joomlart.gitbook.io\/peakshop-documentation\/","theme_support_url":"https:\/\/joomlart.com\/"},{"name":"t:settings_schema.multilayout.name","settings":[{"type":"select","id":"header_layout","label":"t:settings_schema.multilayout.settings.header_layout.label","options":[{"value":"01","label":"t:settings_schema.multilayout.settings.header_layout.label__1"},{"value":"02","label":"t:settings_schema.multilayout.settings.header_layout.label__2"},{"value":"03","label":"t:settings_schema.multilayout.settings.header_layout.label__3"},{"value":"04","label":"t:settings_schema.multilayout.settings.header_layout.label__4"},{"value":"05","label":"t:settings_schema.multilayout.settings.header_layout.label__5"}],"default":"03"},{"type":"select","id":"footer_layout","label":"t:settings_schema.multilayout.settings.footer_layout.label","options":[{"value":"01","label":"t:settings_schema.multilayout.settings.footer_layout.label__1"},{"value":"02","label":"t:settings_schema.multilayout.settings.footer_layout.label__2"},{"value":"03","label":"t:settings_schema.multilayout.settings.footer_layout.label__3"},{"value":"04","label":"t:settings_schema.multilayout.settings.footer_layout.label__4"},{"value":"05","label":"t:settings_schema.multilayout.settings.footer_layout.label__5"}],"default":"05"},{"type":"select","id":"blog_layout","label":"t:settings_schema.multilayout.settings.blog_layout.label","options":[{"value":"01","label":"t:settings_schema.multilayout.settings.blog_layout.label__1"},{"value":"02","label":"t:settings_schema.multilayout.settings.blog_layout.label__2"},{"value":"03","label":"t:settings_schema.multilayout.settings.blog_layout.label__3"}],"default":"01"}]},{"name":"t:settings_schema.colors.name","settings":[{"type":"header","content":"t:settings_schema.colors.settings.header__1.content"},{"type":"color","id":"colors_solid_button_labels","default":"#FFFFFF","label":"t:settings_schema.colors.settings.colors_solid_button_labels.label","info":"t:settings_schema.colors.settings.colors_solid_button_labels.info"},{"type":"color","id":"colors_accent_1","default":"#121212","label":"t:settings_schema.colors.settings.colors_accent_1.label","info":"t:settings_schema.colors.settings.colors_accent_1.info"},{"id":"gradient_accent_1","type":"color_background","label":"t:settings_schema.colors.settings.gradient_accent_1.label"},{"type":"color","id":"colors_accent_2","default":"#334FB4","label":"t:settings_schema.colors.settings.colors_accent_2.label"},{"id":"gradient_accent_2","type":"color_background","label":"t:settings_schema.colors.settings.gradient_accent_2.label"},{"type":"color","id":"colors_accent_3","default":"#c1ab7c","label":"t:settings_schema.colors.settings.colors_accent_3.label","info":"t:settings_schema.colors.settings.colors_accent_3.info"},{"id":"gradient_accent_3","type":"color_background","label":"t:settings_schema.colors.settings.gradient_accent_3.label"},{"type":"color","id":"colors_accent_4","default":"#c1ab7c","label":"t:settings_schema.colors.settings.colors_accent_4.label","info":"t:settings_schema.colors.settings.colors_accent_4.info"},{"id":"gradient_accent_4","type":"color_background","label":"t:settings_schema.colors.settings.gradient_accent_4.label"},{"type":"header","content":"t:settings_schema.colors.settings.header__2.content"},{"type":"color","id":"colors_text","default":"#121212","label":"t:settings_schema.colors.settings.colors_text.label","info":"t:settings_schema.colors.settings.colors_text.info"},{"type":"color","id":"colors_outline_button_labels","default":"#121212","label":"t:settings_schema.colors.settings.colors_outline_button_labels.label","info":"t:settings_schema.colors.settings.colors_outline_button_labels.info"},{"type":"color","id":"colors_background_1","default":"#FFFFFF","label":"t:settings_schema.colors.settings.colors_background_1.label"},{"id":"gradient_background_1","type":"color_background","label":"t:settings_schema.colors.settings.gradient_background_1.label"},{"type":"color","id":"colors_background_2","default":"#F3F3F3","label":"t:settings_schema.colors.settings.colors_background_2.label"},{"id":"gradient_background_2","type":"color_background","label":"t:settings_schema.colors.settings.gradient_background_2.label"}]},{"name":"t:settings_schema.newsletter_popup.name","settings":[{"type":"header","content":"t:settings_schema.newsletter_popup.settings.header__1.content"},{"type":"checkbox","id":"show_newsletter_popup","label":"t:settings_schema.newsletter_popup.settings.general.label__1","default":true},{"type":"range","id":"newsletter_popup_expire","label":"t:settings_schema.newsletter_popup.settings.general.label__3","max":30,"min":1,"step":1,"unit":"t:settings_schema.newsletter_popup.settings.general.unit__1","default":1},{"type":"range","id":"newsletter_popup_delay","label":"t:settings_schema.newsletter_popup.settings.general.label__4","max":60,"min":5,"step":1,"unit":"t:settings_schema.newsletter_popup.settings.general.unit__2","default":5},{"type":"checkbox","id":"show_newsletter_popup_image","label":"t:settings_schema.newsletter_popup.settings.general.label__9","default":true},{"type":"text","id":"newsletter_popup_title","label":"t:settings_schema.newsletter_popup.settings.general.label__6"},{"type":"textarea","id":"newsletter_popup_desc","label":"t:settings_schema.newsletter_popup.settings.general.label__7"},{"type":"textarea","id":"newsletter_popup_note","label":"t:settings_schema.newsletter_popup.settings.general.label__8"},{"type":"header","content":"t:settings_schema.newsletter_popup.settings.general.label__11"},{"type":"select","id":"select_button_submit","label":"t:settings_schema.newsletter_popup.settings.general.label__12","options":[{"value":"default","label":"t:settings_schema.newsletter_popup.settings.general.label__13"},{"value":"custom","label":"t:settings_schema.newsletter_popup.settings.general.label__14"}],"default":"default"},{"type":"url","id":"button_newsletter_link","label":"t:settings_schema.newsletter_popup.settings.general.label__15","info":"t:settings_schema.newsletter_popup.settings.general.info_2"}]},{"name":"t:settings_schema.general.name","settings":[{"type":"header","content":"t:settings_schema.general.settings.header__1.content"},{"type":"image_picker","id":"favicon","label":"t:settings_schema.general.settings.favicon.label","info":"t:settings_schema.general.settings.favicon.info"},{"type":"header","content":"t:settings_schema.general.settings.header__2.content"},{"type":"checkbox","id":"show_backtotop","label":"t:settings_schema.general.settings.backtotop.label","default":true,"info":"t:settings_schema.general.settings.backtotop.info"}]},{"name":"t:settings_schema.typography.name","settings":[{"type":"header","content":"t:settings_schema.typography.settings.header__1.content"},{"type":"font_picker","id":"type_header_font","default":"assistant_n4","label":"t:settings_schema.typography.settings.type_header_font.label","info":"t:settings_schema.typography.settings.type_header_font.info"},{"type":"range","id":"heading_scale","min":100,"max":150,"step":5,"unit":"%","label":"t:settings_schema.typography.settings.heading_scale.label","default":100},{"type":"header","content":"t:settings_schema.typography.settings.header__2.content"},{"type":"font_picker","id":"type_body_font","default":"assistant_n4","label":"t:settings_schema.typography.settings.type_body_font.label","info":"t:settings_schema.typography.settings.type_body_font.info"},{"type":"range","id":"body_scale","min":100,"max":130,"step":5,"unit":"%","label":"t:settings_schema.typography.settings.body_scale.label","default":100}]},{"name":"t:settings_schema.layout.name","settings":[{"type":"range","id":"page_width","min":1000,"max":1920,"step":10,"default":1870,"unit":"px","label":"t:settings_schema.layout.settings.page_width.label"},{"type":"range","id":"spacing_sections","min":0,"max":200,"step":4,"unit":"px","label":"t:settings_schema.layout.settings.spacing_sections.label","default":0},{"type":"header","content":"t:settings_schema.layout.settings.header__grid.content"},{"type":"paragraph","content":"t:settings_schema.layout.settings.paragraph__grid.content"},{"type":"range","id":"spacing_grid_horizontal","min":4,"max":40,"step":4,"default":8,"unit":"px","label":"t:settings_schema.layout.settings.spacing_grid_horizontal.label"},{"type":"range","id":"spacing_grid_vertical","min":4,"max":40,"step":4,"default":8,"unit":"px","label":"t:settings_schema.layout.settings.spacing_grid_vertical.label"}]},{"name":"t:settings_schema.buttons.name","settings":[{"type":"header","content":"t:settings_schema.global.settings.header__border.content"},{"type":"range","id":"buttons_border_thickness","min":0,"max":12,"step":1,"unit":"px","label":"t:settings_schema.global.settings.thickness.label","default":1},{"type":"range","id":"buttons_border_opacity","min":0,"max":100,"step":5,"unit":"%","label":"t:settings_schema.global.settings.opacity.label","default":100},{"type":"range","id":"buttons_radius","min":0,"max":40,"step":2,"unit":"px","label":"t:settings_schema.global.settings.corner_radius.label","default":0},{"type":"header","content":"t:settings_schema.global.settings.header__shadow.content"},{"type":"range","id":"buttons_shadow_opacity","min":0,"max":100,"step":5,"unit":"%","label":"t:settings_schema.global.settings.opacity.label","default":0},{"type":"range","id":"buttons_shadow_horizontal_offset","min":-12,"max":12,"step":2,"unit":"px","label":"t:settings_schema.global.settings.horizontal_offset.label","default":0},{"type":"range","id":"buttons_shadow_vertical_offset","min":-12,"max":12,"step":2,"unit":"px","label":"t:settings_schema.global.settings.vertical_offset.label","default":0},{"type":"range","id":"buttons_shadow_blur","min":0,"max":20,"step":5,"unit":"px","label":"t:settings_schema.global.settings.blur.label","default":0}]},{"name":"t:settings_schema.variant_pills.name","settings":[{"type":"header","content":"t:settings_schema.global.settings.header__border.content"},{"type":"range","id":"variant_pills_border_thickness","min":0,"max":12,"step":1,"unit":"px","label":"t:settings_schema.global.settings.thickness.label","default":1},{"type":"range","id":"variant_pills_border_opacity","min":0,"max":100,"step":5,"unit":"%","label":"t:settings_schema.global.settings.opacity.label","default":55},{"type":"range","id":"variant_pills_radius","min":0,"max":40,"step":2,"unit":"px","label":"t:settings_schema.global.settings.corner_radius.label","default":40},{"type":"header","content":"t:settings_schema.global.settings.header__shadow.content"},{"type":"range","id":"variant_pills_shadow_opacity","min":0,"max":100,"step":5,"unit":"%","label":"t:settings_schema.global.settings.opacity.label","default":0},{"type":"range","id":"variant_pills_shadow_horizontal_offset","min":-12,"max":12,"step":2,"unit":"px","label":"t:settings_schema.global.settings.horizontal_offset.label","default":0},{"type":"range","id":"variant_pills_shadow_vertical_offset","min":-12,"max":12,"step":2,"unit":"px","label":"t:settings_schema.global.settings.vertical_offset.label","default":0},{"type":"range","id":"variant_pills_shadow_blur","min":0,"max":20,"step":5,"unit":"px","label":"t:settings_schema.global.settings.blur.label","default":0}]},{"name":"t:settings_schema.inputs.name","settings":[{"type":"header","content":"t:settings_schema.global.settings.header__border.content"},{"type":"range","id":"inputs_border_thickness","min":0,"max":12,"step":1,"unit":"px","label":"t:settings_schema.global.settings.thickness.label","default":1},{"type":"range","id":"inputs_border_opacity","min":0,"max":100,"step":5,"unit":"%","label":"t:settings_schema.global.settings.opacity.label","default":55},{"type":"range","id":"inputs_radius","min":0,"max":40,"step":2,"unit":"px","label":"t:settings_schema.global.settings.corner_radius.label","default":0},{"type":"header","content":"t:settings_schema.global.settings.header__shadow.content"},{"type":"range","id":"inputs_shadow_opacity","min":0,"max":100,"step":5,"unit":"%","label":"t:settings_schema.global.settings.opacity.label","default":0},{"type":"range","id":"inputs_shadow_horizontal_offset","min":-12,"max":12,"step":2,"unit":"px","label":"t:settings_schema.global.settings.horizontal_offset.label","default":0},{"type":"range","id":"inputs_shadow_vertical_offset","min":-12,"max":12,"step":2,"unit":"px","label":"t:settings_schema.global.settings.vertical_offset.label","default":0},{"type":"range","id":"inputs_shadow_blur","min":0,"max":20,"step":5,"unit":"px","label":"t:settings_schema.global.settings.blur.label","default":0}]},{"name":"t:settings_schema.cards.name","settings":[{"type":"select","id":"card_style","options":[{"value":"standard","label":"t:settings_schema.cards.settings.style.options__1.label"},{"value":"card","label":"t:settings_schema.cards.settings.style.options__2.label"}],"default":"standard","label":"t:settings_schema.cards.settings.style.label"},{"type":"range","id":"card_image_padding","min":0,"max":100,"step":2,"unit":"px","label":"t:settings_schema.global.settings.image_padding.label","default":0},{"type":"select","id":"card_text_alignment","options":[{"value":"left","label":"t:settings_schema.global.settings.text_alignment.options__1.label"},{"value":"center","label":"t:settings_schema.global.settings.text_alignment.options__2.label"},{"value":"right","label":"t:settings_schema.global.settings.text_alignment.options__3.label"}],"default":"left","label":"t:settings_schema.global.settings.text_alignment.label"},{"type":"select","id":"card_color_scheme","options":[{"value":"accent-1","label":"t:sections.all.colors.accent_1.label"},{"value":"accent-2","label":"t:sections.all.colors.accent_2.label"},{"value":"accent-3","label":"t:sections.all.colors.accent_3.label"},{"value":"accent-4","label":"t:sections.all.colors.accent_4.label"},{"value":"background-1","label":"t:sections.all.colors.background_1.label"},{"value":"background-2","label":"t:sections.all.colors.background_2.label"},{"value":"inverse","label":"t:sections.all.colors.inverse.label"}],"default":"background-2","label":"t:sections.all.colors.label"},{"type":"header","content":"t:settings_schema.global.settings.header__border.content"},{"type":"range","id":"card_border_thickness","min":0,"max":24,"step":1,"unit":"px","label":"t:settings_schema.global.settings.thickness.label","default":0},{"type":"range","id":"card_border_opacity","min":0,"max":100,"step":5,"unit":"%","label":"t:settings_schema.global.settings.opacity.label","default":0},{"type":"range","id":"card_corner_radius","min":0,"max":40,"step":2,"unit":"px","label":"t:settings_schema.global.settings.corner_radius.label","default":0},{"type":"header","content":"t:settings_schema.global.settings.header__shadow.content"},{"type":"range","id":"card_shadow_opacity","min":0,"max":100,"step":5,"unit":"%","label":"t:settings_schema.global.settings.opacity.label","default":10},{"type":"range","id":"card_shadow_horizontal_offset","min":-40,"max":40,"step":2,"unit":"px","label":"t:settings_schema.global.settings.horizontal_offset.label","default":0},{"type":"range","id":"card_shadow_vertical_offset","min":-40,"max":40,"step":2,"unit":"px","label":"t:settings_schema.global.settings.vertical_offset.label","default":0},{"type":"range","id":"card_shadow_blur","min":0,"max":40,"step":5,"unit":"px","label":"t:settings_schema.global.settings.blur.label","default":0}]},{"name":"t:settings_schema.content_containers.name","settings":[{"type":"header","content":"t:settings_schema.global.settings.header__border.content"},{"type":"range","id":"text_boxes_border_thickness","min":0,"max":24,"step":1,"unit":"px","label":"t:settings_schema.global.settings.thickness.label","default":0},{"type":"range","id":"text_boxes_border_opacity","min":0,"max":100,"step":5,"unit":"%","label":"t:settings_schema.global.settings.opacity.label","default":0},{"type":"range","id":"text_boxes_radius","min":0,"max":40,"step":2,"unit":"px","label":"t:settings_schema.global.settings.corner_radius.label","default":0},{"type":"header","content":"t:settings_schema.global.settings.header__shadow.content"},{"type":"range","id":"text_boxes_shadow_opacity","min":0,"max":100,"step":5,"unit":"%","label":"t:settings_schema.global.settings.opacity.label","default":0},{"type":"range","id":"text_boxes_shadow_horizontal_offset","min":-40,"max":40,"step":2,"unit":"px","label":"t:settings_schema.global.settings.horizontal_offset.label","default":0},{"type":"range","id":"text_boxes_shadow_vertical_offset","min":-40,"max":40,"step":2,"unit":"px","label":"t:settings_schema.global.settings.vertical_offset.label","default":0},{"type":"range","id":"text_boxes_shadow_blur","min":0,"max":40,"step":5,"unit":"px","label":"t:settings_schema.global.settings.blur.label","default":0}]},{"name":"t:settings_schema.media.name","settings":[{"type":"header","content":"t:settings_schema.global.settings.header__border.content"},{"type":"range","id":"media_border_thickness","min":0,"max":24,"step":1,"unit":"px","label":"t:settings_schema.global.settings.thickness.label","default":1},{"type":"range","id":"media_border_opacity","min":0,"max":100,"step":5,"unit":"%","label":"t:settings_schema.global.settings.opacity.label","default":5},{"type":"range","id":"media_radius","min":0,"max":40,"step":2,"unit":"px","label":"t:settings_schema.global.settings.corner_radius.label","default":0},{"type":"header","content":"t:settings_schema.global.settings.header__shadow.content"},{"type":"range","id":"media_shadow_opacity","min":0,"max":100,"step":5,"unit":"%","label":"t:settings_schema.global.settings.opacity.label","default":0},{"type":"range","id":"media_shadow_horizontal_offset","min":-40,"max":40,"step":2,"unit":"px","label":"t:settings_schema.global.settings.horizontal_offset.label","default":0},{"type":"range","id":"media_shadow_vertical_offset","min":-40,"max":40,"step":2,"unit":"px","label":"t:settings_schema.global.settings.vertical_offset.label","default":0},{"type":"range","id":"media_shadow_blur","min":0,"max":40,"step":5,"unit":"px","label":"t:settings_schema.global.settings.blur.label","default":0}]},{"name":"t:settings_schema.popups.name","settings":[{"type":"paragraph","content":"t:settings_schema.popups.paragraph"},{"type":"header","content":"t:settings_schema.global.settings.header__border.content"},{"type":"range","id":"popup_border_thickness","min":0,"max":24,"step":1,"unit":"px","label":"t:settings_schema.global.settings.thickness.label","default":1},{"type":"range","id":"popup_border_opacity","min":0,"max":100,"step":5,"unit":"%","label":"t:settings_schema.global.settings.opacity.label","default":10},{"type":"range","id":"popup_corner_radius","min":0,"max":40,"step":2,"unit":"px","label":"t:settings_schema.global.settings.corner_radius.label","default":0},{"type":"header","content":"t:settings_schema.global.settings.header__shadow.content"},{"type":"range","id":"popup_shadow_opacity","min":0,"max":100,"step":5,"unit":"%","label":"t:settings_schema.global.settings.opacity.label","default":0},{"type":"range","id":"popup_shadow_horizontal_offset","min":-40,"max":40,"step":2,"unit":"px","label":"t:settings_schema.global.settings.horizontal_offset.label","default":0},{"type":"range","id":"popup_shadow_vertical_offset","min":-40,"max":40,"step":2,"unit":"px","label":"t:settings_schema.global.settings.vertical_offset.label","default":0},{"type":"range","id":"popup_shadow_blur","min":0,"max":40,"step":5,"unit":"px","label":"t:settings_schema.global.settings.blur.label","default":0}]},{"name":"t:settings_schema.drawers.name","settings":[{"type":"header","content":"t:settings_schema.global.settings.header__border.content"},{"type":"range","id":"drawer_border_thickness","min":0,"max":24,"step":1,"unit":"px","label":"t:settings_schema.global.settings.thickness.label","default":1},{"type":"range","id":"drawer_border_opacity","min":0,"max":100,"step":5,"unit":"%","label":"t:settings_schema.global.settings.opacity.label","default":10},{"type":"header","content":"t:settings_schema.global.settings.header__shadow.content"},{"type":"range","id":"drawer_shadow_opacity","min":0,"max":100,"step":5,"unit":"%","label":"t:settings_schema.global.settings.opacity.label","default":0},{"type":"range","id":"drawer_shadow_horizontal_offset","min":-40,"max":40,"step":2,"unit":"px","label":"t:settings_schema.global.settings.horizontal_offset.label","default":0},{"type":"range","id":"drawer_shadow_vertical_offset","min":-40,"max":40,"step":2,"unit":"px","label":"t:settings_schema.global.settings.vertical_offset.label","default":0},{"type":"range","id":"drawer_shadow_blur","min":0,"max":40,"step":5,"unit":"px","label":"t:settings_schema.global.settings.blur.label","default":0}]},{"name":"t:settings_schema.badges.name","settings":[{"type":"select","id":"badge_position","options":[{"value":"bottom left","label":"t:settings_schema.badges.settings.position.options__1.label"},{"value":"bottom right","label":"t:settings_schema.badges.settings.position.options__2.label"},{"value":"top left","label":"t:settings_schema.badges.settings.position.options__3.label"},{"value":"top right","label":"t:settings_schema.badges.settings.position.options__4.label"}],"default":"bottom left","label":"t:settings_schema.badges.settings.position.label"},{"type":"range","id":"badge_corner_radius","min":0,"max":40,"step":2,"unit":"px","label":"t:settings_schema.global.settings.corner_radius.label","default":40},{"type":"select","id":"sale_badge_color_scheme","options":[{"value":"accent-1","label":"t:sections.all.colors.accent_1.label"},{"value":"accent-2","label":"t:sections.all.colors.accent_2.label"},{"value":"accent-3","label":"t:sections.all.colors.accent_3.label"},{"value":"accent-4","label":"t:sections.all.colors.accent_4.label"},{"value":"background-2","label":"t:sections.all.colors.background_2.label"}],"default":"accent-2","label":"t:settings_schema.badges.settings.sale_badge_color_scheme.label"},{"type":"select","id":"sold_out_badge_color_scheme","options":[{"value":"background-1","label":"t:sections.all.colors.background_1.label"},{"value":"inverse","label":"t:sections.all.colors.inverse.label"}],"default":"inverse","label":"t:settings_schema.badges.settings.sold_out_badge_color_scheme.label"}]},{"name":"t:settings_schema.styles.name","settings":[{"type":"select","id":"accent_icons","options":[{"value":"accent-1","label":"t:sections.all.colors.accent_1.label"},{"value":"accent-2","label":"t:sections.all.colors.accent_2.label"},{"value":"accent-3","label":"t:sections.all.colors.accent_3.label"},{"value":"accent-4","label":"t:sections.all.colors.accent_4.label"},{"value":"outline-button","label":"t:settings_schema.styles.settings.accent_icons.options__3.label"},{"value":"text","label":"t:settings_schema.styles.settings.accent_icons.options__4.label"}],"default":"text","label":"t:settings_schema.styles.settings.accent_icons.label"}]},{"name":"t:settings_schema.social-media.name","settings":[{"type":"header","content":"t:settings_schema.social-media.settings.header.content"},{"type":"text","id":"social_twitter_link","label":"t:settings_schema.social-media.settings.social_twitter_link.label","info":"t:settings_schema.social-media.settings.social_twitter_link.info"},{"type":"text","id":"social_facebook_link","label":"t:settings_schema.social-media.settings.social_facebook_link.label","info":"t:settings_schema.social-media.settings.social_facebook_link.info"},{"type":"text","id":"social_pinterest_link","label":"t:settings_schema.social-media.settings.social_pinterest_link.label","info":"t:settings_schema.social-media.settings.social_pinterest_link.info"},{"type":"text","id":"social_instagram_link","label":"t:settings_schema.social-media.settings.social_instagram_link.label","info":"t:settings_schema.social-media.settings.social_instagram_link.info"},{"type":"text","id":"social_tiktok_link","label":"t:settings_schema.social-media.settings.social_tiktok_link.label","info":"t:settings_schema.social-media.settings.social_tiktok_link.info"},{"type":"text","id":"social_tumblr_link","label":"t:settings_schema.social-media.settings.social_tumblr_link.label","info":"t:settings_schema.social-media.settings.social_tumblr_link.info"},{"type":"text","id":"social_snapchat_link","label":"t:settings_schema.social-media.settings.social_snapchat_link.label","info":"t:settings_schema.social-media.settings.social_snapchat_link.info"},{"type":"text","id":"social_youtube_link","label":"t:settings_schema.social-media.settings.social_youtube_link.label","info":"t:settings_schema.social-media.settings.social_youtube_link.info"},{"type":"text","id":"social_vimeo_link","label":"t:settings_schema.social-media.settings.social_vimeo_link.label","info":"t:settings_schema.social-media.settings.social_vimeo_link.info"}]},{"name":"t:settings_schema.search_input.name","settings":[{"type":"header","content":"t:settings_schema.search_input.settings.header.content"},{"type":"checkbox","id":"predictive_search_enabled","default":true,"label":"t:settings_schema.search_input.settings.predictive_search_enabled.label"},{"type":"checkbox","id":"predictive_search_show_vendor","default":false,"label":"t:settings_schema.search_input.settings.predictive_search_show_vendor.label","info":"t:settings_schema.search_input.settings.predictive_search_show_vendor.info"},{"type":"checkbox","id":"predictive_search_show_price","default":false,"label":"t:settings_schema.search_input.settings.predictive_search_show_price.label","info":"t:settings_schema.search_input.settings.predictive_search_show_price.info"}]},{"name":"t:settings_schema.currency_format.name","settings":[{"type":"header","content":"t:settings_schema.currency_format.settings.content"},{"type":"paragraph","content":"t:settings_schema.currency_format.settings.paragraph"},{"type":"checkbox","id":"currency_code_enabled","label":"t:settings_schema.currency_format.settings.currency_code_enabled.label","default":true}]},{"name":"t:settings_schema.cart.name","settings":[{"type":"select","id":"cart_type","options":[{"value":"drawer","label":"t:settings_schema.cart.settings.cart_type.drawer.label"},{"value":"page","label":"t:settings_schema.cart.settings.cart_type.page.label"},{"value":"notification","label":"t:settings_schema.cart.settings.cart_type.notification.label"}],"default":"notification","label":"t:settings_schema.cart.settings.cart_type.label"},{"type":"checkbox","id":"show_vendor","label":"t:settings_schema.cart.settings.show_vendor.label","default":false},{"type":"checkbox","id":"show_cart_note","label":"t:settings_schema.cart.settings.show_cart_note.label","default":false},{"type":"header","content":"t:settings_schema.cart.settings.cart_drawer.header"},{"type":"collection","id":"cart_drawer_collection","label":"t:settings_schema.cart.settings.cart_drawer.collection.label","info":"t:settings_schema.cart.settings.cart_drawer.collection.info"}]},{"name":"Password Page","settings":[{"type":"color","id":"background_color","label":"Background color","default":"#fff"},{"type":"checkbox","id":"show_background_image","label":"Show Background Image","default":true}]}]